{
  "duration_minutes": 3.3885289333333333,
  "total_events": 0,
  "event_rate": 0.0,
  "timestamp": "2026-07-02T15:42:27.583610"
}